id|name|album|albums_ids|artists_ids|explicit|danceability|energy|key|mode|acousticness|instrumentalness|valence|release_date|spotify_link
1wsRitfRRtWyEapl0q22o8|Guerrilla Radio|The Battle Of Los Angeles|2eia0myWFgoHuttJytCxgX|['2d0hyoQ5ynDBnkvAbJKORj']|1|0.6|0.96|11|1|0.01|0.0|0.49|1999-11-02|https://open.spotify.com/embed/track/1wsRitfRRtWyEapl0q22o8
1hR0fIFK2qRG3f3RF70pb7|Calm Like a Bomb|The Battle Of Los Angeles|2eia0myWFgoHuttJytCxgX|['2d0hyoQ5ynDBnkvAbJKORj']|0|0.32|0.97|7|1|0.02|0.0|0.37|1999-11-02|https://open.spotify.com/embed/track/1hR0fIFK2qRG3f3RF70pb7
2lbASgTSoDO7MTuLAXlTW0|Mic Check|The Battle Of Los Angeles|2eia0myWFgoHuttJytCxgX|['2d0hyoQ5ynDBnkvAbJKORj']|1|0.44|0.97|11|0|0.16|0.0|0.57|1999-11-02|https://open.spotify.com/embed/track/2lbASgTSoDO7MTuLAXlTW0
1MQTmpYOZ6fcMQc56Hdo7T|Sleep Now In the Fire|The Battle Of Los Angeles|2eia0myWFgoHuttJytCxgX|['2d0hyoQ5ynDBnkvAbJKORj']|0|0.43|0.93|2|1|0.0|0.1|0.54|1999-11-02|https://open.spotify.com/embed/track/1MQTmpYOZ6fcMQc56Hdo7T
2LXPNLSMAauNJfnC58lSqY|Born of a Broken Man|The Battle Of Los Angeles|2eia0myWFgoHuttJytCxgX|['2d0hyoQ5ynDBnkvAbJKORj']|0|0.3|0.85|2|1|0.05|0.0|0.19|1999-11-02|https://open.spotify.com/embed/track/2LXPNLSMAauNJfnC58lSqY
3moeHk8eIajvUEzVocXukf|Born As Ghosts|The Battle Of Los Angeles|2eia0myWFgoHuttJytCxgX|['2d0hyoQ5ynDBnkvAbJKORj']|0|0.42|0.98|9|1|0.0|0.0|0.48|1999-11-02|https://open.spotify.com/embed/track/3moeHk8eIajvUEzVocXukf
4llunZfVXv3NvUzXVB3VVL|Maria|The Battle Of Los Angeles|2eia0myWFgoHuttJytCxgX|['2d0hyoQ5ynDBnkvAbJKORj']|0|0.28|0.87|11|0|0.01|0.0|0.62|1999-11-02|https://open.spotify.com/embed/track/4llunZfVXv3NvUzXVB3VVL
21Mq0NzFoVRvOmLTOnJjng|Voice of the Voiceless|The Battle Of Los Angeles|2eia0myWFgoHuttJytCxgX|['2d0hyoQ5ynDBnkvAbJKORj']|0|0.44|0.88|7|1|0.02|0.01|0.42|1999-11-02|https://open.spotify.com/embed/track/21Mq0NzFoVRvOmLTOnJjng
6s2FgJbnnMwFTpWJZzvb6z|New Millennium Homes|The Battle Of Los Angeles|2eia0myWFgoHuttJytCxgX|['2d0hyoQ5ynDBnkvAbJKORj']|0|0.45|0.86|9|1|0.0|0.0|0.76|1999-11-02|https://open.spotify.com/embed/track/6s2FgJbnnMwFTpWJZzvb6z
7o2Razxnl33Jrgz4PpMYNa|Ashes In the Fall|The Battle Of Los Angeles|2eia0myWFgoHuttJytCxgX|['2d0hyoQ5ynDBnkvAbJKORj']|1|0.46|0.7|7|1|0.01|0.0|0.66|1999-11-02|https://open.spotify.com/embed/track/7o2Razxnl33Jrgz4PpMYNa
3Hxu3Ey1TV9mZ5XqMXckiS|War Within a Breath|The Battle Of Los Angeles|2eia0myWFgoHuttJytCxgX|['2d0hyoQ5ynDBnkvAbJKORj']|0|0.4|0.96|6|1|0.0|0.03|0.17|1999-11-02|https://open.spotify.com/embed/track/3Hxu3Ey1TV9mZ5XqMXckiS
6ZU9RJIZ0fNaFuQM57bDIA|Bombtrack|Rage Against The Machine|4LaRYkT4oy47wEuQgkLBul|['2d0hyoQ5ynDBnkvAbJKORj']|1|0.48|0.85|4|0|0.01|0.0|0.67|1992-11-03|https://open.spotify.com/embed/track/6ZU9RJIZ0fNaFuQM57bDIA
3FUS56gKr9mVBmzvlnodlh|Killing In the Name|Rage Against The Machine|4LaRYkT4oy47wEuQgkLBul|['2d0hyoQ5ynDBnkvAbJKORj']|1|0.46|0.78|7|1|0.02|0.0|0.73|1992-11-03|https://open.spotify.com/embed/track/3FUS56gKr9mVBmzvlnodlh
3tTL7jlSkowXidYeafFtwG|Take the Power Back|Rage Against The Machine|4LaRYkT4oy47wEuQgkLBul|['2d0hyoQ5ynDBnkvAbJKORj']|1|0.54|0.84|1|1|0.04|0.0|0.3|1992-11-03|https://open.spotify.com/embed/track/3tTL7jlSkowXidYeafFtwG
2vuDdXqekkDCSdawJyUpT6|Settle for Nothing|Rage Against The Machine|4LaRYkT4oy47wEuQgkLBul|['2d0hyoQ5ynDBnkvAbJKORj']|0|0.52|0.53|7|1|0.03|0.0|0.29|1992-11-03|https://open.spotify.com/embed/track/2vuDdXqekkDCSdawJyUpT6
11cxKUEgnVAlesUKt4e3br|Bullet In the Head|Rage Against The Machine|4LaRYkT4oy47wEuQgkLBul|['2d0hyoQ5ynDBnkvAbJKORj']|1|0.42|0.81|4|1|0.0|0.0|0.45|1992-11-03|https://open.spotify.com/embed/track/11cxKUEgnVAlesUKt4e3br
1IDAJagxB9AQjjYXaiDK1j|Know Your Enemy|Rage Against The Machine|4LaRYkT4oy47wEuQgkLBul|['2d0hyoQ5ynDBnkvAbJKORj']|1|0.57|0.77|4|1|0.01|0.0|0.61|1992-11-03|https://open.spotify.com/embed/track/1IDAJagxB9AQjjYXaiDK1j
6zbHSDJjgrNdfIxPyGfPBt|Wake Up|Rage Against The Machine|4LaRYkT4oy47wEuQgkLBul|['2d0hyoQ5ynDBnkvAbJKORj']|0|0.41|0.82|7|1|0.0|0.01|0.57|1992-11-03|https://open.spotify.com/embed/track/6zbHSDJjgrNdfIxPyGfPBt
3YEk8mVdMI7rxtfimlUd1G|Fistful of Steel|Rage Against The Machine|4LaRYkT4oy47wEuQgkLBul|['2d0hyoQ5ynDBnkvAbJKORj']|0|0.52|0.76|4|0|0.02|0.34|0.61|1992-11-03|https://open.spotify.com/embed/track/3YEk8mVdMI7rxtfimlUd1G
0WK0EqiidP6WEDOHK34HEe|Township Rebellion|Rage Against The Machine|4LaRYkT4oy47wEuQgkLBul|['2d0hyoQ5ynDBnkvAbJKORj']|1|0.53|0.6|2|1|0.01|0.01|0.47|1992-11-03|https://open.spotify.com/embed/track/0WK0EqiidP6WEDOHK34HEe
1zVE9JBBy8j0KmlbM8Xwhi|Freedom|Rage Against The Machine|4LaRYkT4oy47wEuQgkLBul|['2d0hyoQ5ynDBnkvAbJKORj']|0|0.5|0.61|7|1|0.0|0.02|0.53|1992-11-03|https://open.spotify.com/embed/track/1zVE9JBBy8j0KmlbM8Xwhi
2SwgVZn9S4NGueAaEAryf1|Man on a Mission|Do It for Love|4evw6IBex3N8x1oA2axMTH|['77tT1kLj6mCWtFNqiOmP9H']|0|0.79|0.9|0|1|0.29|0.0|0.96|2018-04-10|https://open.spotify.com/embed/track/2SwgVZn9S4NGueAaEAryf1
0QCQ1Isa0YPVyIbs6JwpO1|Do It for Love|Do It for Love|4evw6IBex3N8x1oA2axMTH|['77tT1kLj6mCWtFNqiOmP9H']|0|0.59|0.96|4|1|0.11|0.0|0.83|2018-04-10|https://open.spotify.com/embed/track/0QCQ1Isa0YPVyIbs6JwpO1
3kIBEFhsZOeeKGebxRraOb|Someday We'll Know|Do It for Love|4evw6IBex3N8x1oA2axMTH|['77tT1kLj6mCWtFNqiOmP9H']|0|0.56|0.78|1|0|0.02|0.0|0.46|2018-04-10|https://open.spotify.com/embed/track/3kIBEFhsZOeeKGebxRraOb
5dNDRw6qjDcnbW3luRhElU|Forever for You|Do It for Love|4evw6IBex3N8x1oA2axMTH|['77tT1kLj6mCWtFNqiOmP9H']|0|0.65|0.57|9|1|0.56|0.0|0.37|2018-04-10|https://open.spotify.com/embed/track/5dNDRw6qjDcnbW3luRhElU
561UU4MvlsCenN1x7leYCh|Life's Too Short|Do It for Love|4evw6IBex3N8x1oA2axMTH|['77tT1kLj6mCWtFNqiOmP9H']|0|0.83|0.81|0|1|0.08|0.01|0.97|2018-04-10|https://open.spotify.com/embed/track/561UU4MvlsCenN1x7leYCh
5ytl6Ay8G7ucmujk9R3S0c|Getaway Car|Do It for Love|4evw6IBex3N8x1oA2axMTH|['77tT1kLj6mCWtFNqiOmP9H']|0|0.78|0.62|8|1|0.26|0.0|0.9|2018-04-10|https://open.spotify.com/embed/track/5ytl6Ay8G7ucmujk9R3S0c
0zjqm0VWOQT9is5gT9CTib|Make You Stay|Do It for Love|4evw6IBex3N8x1oA2axMTH|['77tT1kLj6mCWtFNqiOmP9H']|0|0.6|0.92|9|0|0.02|0.0|0.7|2018-04-10|https://open.spotify.com/embed/track/0zjqm0VWOQT9is5gT9CTib
5UMTzSiB8mMu9vuo2PZkhd|Miss DJ|Do It for Love|4evw6IBex3N8x1oA2axMTH|['77tT1kLj6mCWtFNqiOmP9H']|0|0.68|0.89|10|1|0.1|0.0|0.96|2018-04-10|https://open.spotify.com/embed/track/5UMTzSiB8mMu9vuo2PZkhd
6Uz62Rd9XadpjT8Zebgwq2|She Got Me Bad|Do It for Love|4evw6IBex3N8x1oA2axMTH|['77tT1kLj6mCWtFNqiOmP9H']|0|0.61|0.74|10|1|0.41|0.0|0.67|2018-04-10|https://open.spotify.com/embed/track/6Uz62Rd9XadpjT8Zebgwq2
7IYXfiXsiMdhcboT6Vw7Qu|Breath of Your Life|Do It for Love|4evw6IBex3N8x1oA2axMTH|['77tT1kLj6mCWtFNqiOmP9H']|0|0.7|0.77|1|1|0.28|0.0|0.8|2018-04-10|https://open.spotify.com/embed/track/7IYXfiXsiMdhcboT6Vw7Qu
0dT5eHAqMNchKMw06dgyFW|Intuition|Do It for Love|4evw6IBex3N8x1oA2axMTH|['77tT1kLj6mCWtFNqiOmP9H']|0|0.77|0.55|7|1|0.54|0.0|0.66|2018-04-10|https://open.spotify.com/embed/track/0dT5eHAqMNchKMw06dgyFW
3nvfZxZcdZ5rIy8bxAr5fX|Heartbreak Time|Do It for Love|4evw6IBex3N8x1oA2axMTH|['77tT1kLj6mCWtFNqiOmP9H']|0|0.61|0.61|5|0|0.3|0.0|0.68|2018-04-10|https://open.spotify.com/embed/track/3nvfZxZcdZ5rIy8bxAr5fX
2nWM35FPxkYAWHHv9hrczL|Something About You|Do It for Love|4evw6IBex3N8x1oA2axMTH|['77tT1kLj6mCWtFNqiOmP9H']|0|0.8|0.55|10|1|0.16|0.0|0.35|2018-04-10|https://open.spotify.com/embed/track/2nWM35FPxkYAWHHv9hrczL
1pxJE4N74aGkC6BbIUhq3P|Love in a Dangerous Time|Do It for Love|4evw6IBex3N8x1oA2axMTH|['77tT1kLj6mCWtFNqiOmP9H']|0|0.59|0.95|8|1|0.18|0.0|0.79|2018-04-10|https://open.spotify.com/embed/track/1pxJE4N74aGkC6BbIUhq3P
5oLsi3F0C26MGnXJcnzQyB|Love The One You're With|Fridays Child|0eaPZK3nTV2Ei075j2t6Na|['2U6gqwyl9F33YxawnFrZG7']|0|0.61|0.88|0|1|0.24|0.0|0.64|2003-12-01|https://open.spotify.com/embed/track/5oLsi3F0C26MGnXJcnzQyB
7xGWDXdFKvsapcORfJuloO|Your Game|Fridays Child|0eaPZK3nTV2Ei075j2t6Na|['2U6gqwyl9F33YxawnFrZG7']|0|0.74|0.63|11|0|0.08|0.0|0.59|2003-12-01|https://open.spotify.com/embed/track/7xGWDXdFKvsapcORfJuloO
0AqhwhQv1xnqCH9wzlQ7PE|Stronger|Fridays Child|0eaPZK3nTV2Ei075j2t6Na|['2U6gqwyl9F33YxawnFrZG7']|0|0.65|0.51|0|1|0.3|0.0|0.68|2003-12-01|https://open.spotify.com/embed/track/0AqhwhQv1xnqCH9wzlQ7PE
4mZsyuthp695XQWwb2g3qe|Leave Right Now|Fridays Child|0eaPZK3nTV2Ei075j2t6Na|['2U6gqwyl9F33YxawnFrZG7']|0|0.64|0.45|6|1|0.14|0.0|0.38|2003-12-01|https://open.spotify.com/embed/track/4mZsyuthp695XQWwb2g3qe
5nvUqq0fvB0GN6mqzDc9Ey|Love Is A Matter Of Distance|Fridays Child|0eaPZK3nTV2Ei075j2t6Na|['2U6gqwyl9F33YxawnFrZG7']|0|0.54|0.56|8|1|0.51|0.0|0.3|2003-12-01|https://open.spotify.com/embed/track/5nvUqq0fvB0GN6mqzDc9Ey
4KepeWvq5KfZUevd0cQ70T|Dance The Night Away|Fridays Child|0eaPZK3nTV2Ei075j2t6Na|['2U6gqwyl9F33YxawnFrZG7']|0|0.77|0.76|11|0|0.17|0.0|0.6|2003-12-01|https://open.spotify.com/embed/track/4KepeWvq5KfZUevd0cQ70T
3VXoePG7JjYl2ay8fzLhtG|Very Kind|Fridays Child|0eaPZK3nTV2Ei075j2t6Na|['2U6gqwyl9F33YxawnFrZG7']|0|0.77|0.29|9|0|0.11|0.0|0.44|2003-12-01|https://open.spotify.com/embed/track/3VXoePG7JjYl2ay8fzLhtG
41YN3uBz1PpFNZtmAAaSKS|Free|Fridays Child|0eaPZK3nTV2Ei075j2t6Na|['2U6gqwyl9F33YxawnFrZG7']|0|0.72|0.62|6|0|0.06|0.0|0.69|2003-12-01|https://open.spotify.com/embed/track/41YN3uBz1PpFNZtmAAaSKS
2nO4uKyReZHH7JS61yT2nS|Going My Way|Fridays Child|0eaPZK3nTV2Ei075j2t6Na|['2U6gqwyl9F33YxawnFrZG7']|0|0.56|0.4|11|1|0.34|0.0|0.37|2003-12-01|https://open.spotify.com/embed/track/2nO4uKyReZHH7JS61yT2nS
4L4Ug6ah2UXH3JDlpeduRf|Out Of My Mind|Fridays Child|0eaPZK3nTV2Ei075j2t6Na|['2U6gqwyl9F33YxawnFrZG7']|0|0.79|0.83|7|1|0.05|0.0|0.94|2003-12-01|https://open.spotify.com/embed/track/4L4Ug6ah2UXH3JDlpeduRf
2JgPlDkLbdcRk5Jp3e7Pgm|Friday's Child|Fridays Child|0eaPZK3nTV2Ei075j2t6Na|['2U6gqwyl9F33YxawnFrZG7']|0|0.55|0.69|6|1|0.1|0.13|0.8|2003-12-01|https://open.spotify.com/embed/track/2JgPlDkLbdcRk5Jp3e7Pgm
5Kz6iIkOBZepijORtkfEvj|Listen For The Laugh|Dart To The Heart|2yxoWG32Id6PzkER95aCtY|['4sh4MHP7lhrSUakxwZzwqz']|0|0.52|0.81|2|1|0.23|0.13|0.89|1994-03-01|https://open.spotify.com/embed/track/5Kz6iIkOBZepijORtkfEvj
6uu5fXS1JPfX3pGArifC8A|All The Ways I Want You|Dart To The Heart|2yxoWG32Id6PzkER95aCtY|['4sh4MHP7lhrSUakxwZzwqz']|0|0.7|0.23|4|1|0.52|0.0|0.34|1994-03-01|https://open.spotify.com/embed/track/6uu5fXS1JPfX3pGArifC8A
6AGrDsrNVFeTTl4sQHfqsY|Bone In My Ear|Dart To The Heart|2yxoWG32Id6PzkER95aCtY|['4sh4MHP7lhrSUakxwZzwqz']|0|0.42|0.36|9|0|0.74|0.0|0.31|1994-03-01|https://open.spotify.com/embed/track/6AGrDsrNVFeTTl4sQHfqsY
1MdS31xYweAsuwj7fdR8xA|Burden Of The Angel/Beast|Dart To The Heart|2yxoWG32Id6PzkER95aCtY|['4sh4MHP7lhrSUakxwZzwqz']|0|0.69|0.31|2|1|0.79|0.01|0.37|1994-03-01|https://open.spotify.com/embed/track/1MdS31xYweAsuwj7fdR8xA
0rHW20CX7izpkFLVj6RhtM|Scanning These Crowds|Dart To The Heart|2yxoWG32Id6PzkER95aCtY|['4sh4MHP7lhrSUakxwZzwqz']|0|0.58|0.61|2|1|0.14|0.0|0.44|1994-03-01|https://open.spotify.com/embed/track/0rHW20CX7izpkFLVj6RhtM
31v1dqATMAtTPlZjOE3Tou|Southland Of The Heart|Dart To The Heart|2yxoWG32Id6PzkER95aCtY|['4sh4MHP7lhrSUakxwZzwqz']|0|0.56|0.3|0|1|0.04|0.0|0.24|1994-03-01|https://open.spotify.com/embed/track/31v1dqATMAtTPlZjOE3Tou
4M2EK2o9Zgy2jeqLVifARM|Train In The Rain|Dart To The Heart|2yxoWG32Id6PzkER95aCtY|['4sh4MHP7lhrSUakxwZzwqz']|0|0.56|0.31|4|1|0.94|0.88|0.74|1994-03-01|https://open.spotify.com/embed/track/4M2EK2o9Zgy2jeqLVifARM
59gijFhkwYNY2IAw0wg2PX|Someone I Used To Love|Dart To The Heart|2yxoWG32Id6PzkER95aCtY|['4sh4MHP7lhrSUakxwZzwqz']|0|0.46|0.33|9|1|0.48|0.0|0.38|1994-03-01|https://open.spotify.com/embed/track/59gijFhkwYNY2IAw0wg2PX
1dVT2CbuH0j9rKco5dvkLI|Love Loves You Too|Dart To The Heart|2yxoWG32Id6PzkER95aCtY|['4sh4MHP7lhrSUakxwZzwqz']|0|0.61|0.29|4|1|0.81|0.02|0.17|1994-03-01|https://open.spotify.com/embed/track/1dVT2CbuH0j9rKco5dvkLI
3bM7rvHfGmCxRPOiPE177Y|Sunrise On The Mississippi|Dart To The Heart|2yxoWG32Id6PzkER95aCtY|['4sh4MHP7lhrSUakxwZzwqz']|0|0.57|0.31|0|1|0.88|0.9|0.76|1994-03-01|https://open.spotify.com/embed/track/3bM7rvHfGmCxRPOiPE177Y
2IHBrlBh7aurAatdXG2yTb|Closer to the Light|Dart To The Heart|2yxoWG32Id6PzkER95aCtY|['4sh4MHP7lhrSUakxwZzwqz']|0|0.54|0.22|11|0|0.34|0.04|0.31|1994-03-01|https://open.spotify.com/embed/track/2IHBrlBh7aurAatdXG2yTb
7rrMXOKZNmoO10wgvwNj5H|Tie Me At The Crossroads|Dart To The Heart|2yxoWG32Id6PzkER95aCtY|['4sh4MHP7lhrSUakxwZzwqz']|0|0.59|0.74|9|1|0.02|0.0|0.97|1994-03-01|https://open.spotify.com/embed/track/7rrMXOKZNmoO10wgvwNj5H
6LiqMOJNu3pMKO6M1cTsgA|Amber Waves|Scarlet's Walk|5JnLg2nd43M3NS4NfVrIdQ|['1KsASRNugxU85T0u6zSg32']|0|0.58|0.49|9|1|0.9|0.0|0.44|2002-10-28|https://open.spotify.com/embed/track/6LiqMOJNu3pMKO6M1cTsgA
7Kwmac3lkTQ8tPyAVQ0L8G|A Sorta Fairytale|Scarlet's Walk|5JnLg2nd43M3NS4NfVrIdQ|['1KsASRNugxU85T0u6zSg32']|0|0.6|0.46|5|0|0.68|0.02|0.89|2002-10-28|https://open.spotify.com/embed/track/7Kwmac3lkTQ8tPyAVQ0L8G
5AYTqYsVCLGRZn260BdzhA|Wednesday|Scarlet's Walk|5JnLg2nd43M3NS4NfVrIdQ|['1KsASRNugxU85T0u6zSg32']|0|0.55|0.41|7|0|0.89|0.0|0.4|2002-10-28|https://open.spotify.com/embed/track/5AYTqYsVCLGRZn260BdzhA
23x2sdNqlVYtl5gWGyNFde|strange|Scarlet's Walk|5JnLg2nd43M3NS4NfVrIdQ|['1KsASRNugxU85T0u6zSg32']|0|0.53|0.32|10|1|0.89|0.0|0.2|2002-10-28|https://open.spotify.com/embed/track/23x2sdNqlVYtl5gWGyNFde
5lRtnfrCah6ntObtZLbZTU|Carbon|Scarlet's Walk|5JnLg2nd43M3NS4NfVrIdQ|['1KsASRNugxU85T0u6zSg32']|0|0.45|0.58|8|0|0.8|0.33|0.43|2002-10-28|https://open.spotify.com/embed/track/5lRtnfrCah6ntObtZLbZTU
6SlnEnfXXRN56646HSFcO5|Crazy|Scarlet's Walk|5JnLg2nd43M3NS4NfVrIdQ|['1KsASRNugxU85T0u6zSg32']|0|0.47|0.38|2|0|0.76|0.02|0.23|2002-10-28|https://open.spotify.com/embed/track/6SlnEnfXXRN56646HSFcO5
76zFGcQrel57hYKVLseQDN|wampum prayer|Scarlet's Walk|5JnLg2nd43M3NS4NfVrIdQ|['1KsASRNugxU85T0u6zSg32']|0|0.5|0.15|8|1|0.98|0.0|0.23|2002-10-28|https://open.spotify.com/embed/track/76zFGcQrel57hYKVLseQDN
78ooTgHdUvkvmKqm5bw293|don't make me come to Vegas|Scarlet's Walk|5JnLg2nd43M3NS4NfVrIdQ|['1KsASRNugxU85T0u6zSg32']|0|0.69|0.43|7|1|0.86|0.21|0.61|2002-10-28|https://open.spotify.com/embed/track/78ooTgHdUvkvmKqm5bw293
5uvY2yM4HMKdwijMCPrd4x|Sweet Sangria|Scarlet's Walk|5JnLg2nd43M3NS4NfVrIdQ|['1KsASRNugxU85T0u6zSg32']|0|0.68|0.49|0|1|0.67|0.0|0.69|2002-10-28|https://open.spotify.com/embed/track/5uvY2yM4HMKdwijMCPrd4x
5qGqSVrQC55BPAKhJj5Ftv|Your Cloud|Scarlet's Walk|5JnLg2nd43M3NS4NfVrIdQ|['1KsASRNugxU85T0u6zSg32']|0|0.59|0.3|6|1|0.85|0.05|0.15|2002-10-28|https://open.spotify.com/embed/track/5qGqSVrQC55BPAKhJj5Ftv
3UkYhZrL4RrjQbxxth6uQ0|Pancake|Scarlet's Walk|5JnLg2nd43M3NS4NfVrIdQ|['1KsASRNugxU85T0u6zSg32']|0|0.59|0.55|2|0|0.8|0.0|0.57|2002-10-28|https://open.spotify.com/embed/track/3UkYhZrL4RrjQbxxth6uQ0
0AByf8LXqfnKa1UW7kbxsr|I Can't See New York|Scarlet's Walk|5JnLg2nd43M3NS4NfVrIdQ|['1KsASRNugxU85T0u6zSg32']|0|0.46|0.4|5|0|0.88|0.09|0.18|2002-10-28|https://open.spotify.com/embed/track/0AByf8LXqfnKa1UW7kbxsr
1ymMLSCjjk9tuVC0ZhfmBh|mrs. jesus|Scarlet's Walk|5JnLg2nd43M3NS4NfVrIdQ|['1KsASRNugxU85T0u6zSg32']|0|0.48|0.29|9|1|0.92|0.03|0.22|2002-10-28|https://open.spotify.com/embed/track/1ymMLSCjjk9tuVC0ZhfmBh
5p8pLI3XwrwiIdxdw2Rlgd|Taxi Ride|Scarlet's Walk|5JnLg2nd43M3NS4NfVrIdQ|['1KsASRNugxU85T0u6zSg32']|0|0.55|0.66|8|1|0.35|0.01|0.64|2002-10-28|https://open.spotify.com/embed/track/5p8pLI3XwrwiIdxdw2Rlgd
2tu3GBzpVQfD8gtYsIm2o5|Another Girl's Paradise|Scarlet's Walk|5JnLg2nd43M3NS4NfVrIdQ|['1KsASRNugxU85T0u6zSg32']|0|0.62|0.41|0|1|0.71|0.0|0.24|2002-10-28|https://open.spotify.com/embed/track/2tu3GBzpVQfD8gtYsIm2o5
4lDMOr82Ks0qcXSe9hp4f0|Scarlet's Walk|Scarlet's Walk|5JnLg2nd43M3NS4NfVrIdQ|['1KsASRNugxU85T0u6zSg32']|0|0.44|0.39|3|0|0.96|0.06|0.33|2002-10-28|https://open.spotify.com/embed/track/4lDMOr82Ks0qcXSe9hp4f0
1MjpQ68nD7GhX2GusCyPD5|Virginia|Scarlet's Walk|5JnLg2nd43M3NS4NfVrIdQ|['1KsASRNugxU85T0u6zSg32']|0|0.46|0.49|6|0|0.87|0.16|0.23|2002-10-28|https://open.spotify.com/embed/track/1MjpQ68nD7GhX2GusCyPD5
0UxGJ0eyqOdcPrOWCNJtmp|Gold Dust|Scarlet's Walk|5JnLg2nd43M3NS4NfVrIdQ|['1KsASRNugxU85T0u6zSg32']|0|0.28|0.22|3|0|0.92|0.0|0.26|2002-10-28|https://open.spotify.com/embed/track/0UxGJ0eyqOdcPrOWCNJtmp
6RovFMOG0avksTizHRlbUi|Rosaryville|Rosaryville|747XdfKqkymjuvap8Lm1Hv|['1NZA6DefBtQo2PgcmBtnTg']|0|0.73|0.59|5|1|0.34|0.0|0.64|1999-07-20|https://open.spotify.com/embed/track/6RovFMOG0avksTizHRlbUi
1PnJ0wTwdDQ2oTMlhLg3Ab|Porcelain Blue|Rosaryville|747XdfKqkymjuvap8Lm1Hv|['1NZA6DefBtQo2PgcmBtnTg']|0|0.78|0.53|9|0|0.78|0.0|0.7|1999-07-20|https://open.spotify.com/embed/track/1PnJ0wTwdDQ2oTMlhLg3Ab
4xSxXbvS2ImooFqVW0sM2Y|Rosa's Coronas|Rosaryville|747XdfKqkymjuvap8Lm1Hv|['1NZA6DefBtQo2PgcmBtnTg']|0|0.56|0.32|1|1|0.81|0.0|0.35|1999-07-20|https://open.spotify.com/embed/track/4xSxXbvS2ImooFqVW0sM2Y
2w5gwaI27Ek8fSCQdFiDNC|In My Mother's House|Rosaryville|747XdfKqkymjuvap8Lm1Hv|['1NZA6DefBtQo2PgcmBtnTg']|0|0.55|0.16|7|1|0.92|0.0|0.19|1999-07-20|https://open.spotify.com/embed/track/2w5gwaI27Ek8fSCQdFiDNC
75qoLt38t0tJMfArhH8n0f|Heart of Hearts|Rosaryville|747XdfKqkymjuvap8Lm1Hv|['1NZA6DefBtQo2PgcmBtnTg']|0|0.6|0.69|2|1|0.53|0.0|0.55|1999-07-20|https://open.spotify.com/embed/track/75qoLt38t0tJMfArhH8n0f
31Yy1JrQt97tWw0XOdfiLD|Fade to Blue|Rosaryville|747XdfKqkymjuvap8Lm1Hv|['1NZA6DefBtQo2PgcmBtnTg']|0|0.65|0.26|8|1|0.87|0.0|0.47|1999-07-20|https://open.spotify.com/embed/track/31Yy1JrQt97tWw0XOdfiLD
3Lg2CVWLCtZQmVZNrPhck8|Who Will Pray For Junior|Rosaryville|747XdfKqkymjuvap8Lm1Hv|['1NZA6DefBtQo2PgcmBtnTg']|0|0.69|0.27|2|1|0.8|0.0|0.33|1999-07-20|https://open.spotify.com/embed/track/3Lg2CVWLCtZQmVZNrPhck8
58RIKzxWYD4CNGuRoP4jSL|Rosemary|Rosaryville|747XdfKqkymjuvap8Lm1Hv|['1NZA6DefBtQo2PgcmBtnTg']|0|0.63|0.13|7|1|0.93|0.0|0.15|1999-07-20|https://open.spotify.com/embed/track/58RIKzxWYD4CNGuRoP4jSL
6RraLU76rC8zfIazhQnbXh|Look Away|Rosaryville|747XdfKqkymjuvap8Lm1Hv|['1NZA6DefBtQo2PgcmBtnTg']|0|0.43|0.13|9|1|0.82|0.0|0.2|1999-07-20|https://open.spotify.com/embed/track/6RraLU76rC8zfIazhQnbXh
4iGKOFTplr4vOjDAbGUKLU|Ave Maria Grotto|Rosaryville|747XdfKqkymjuvap8Lm1Hv|['1NZA6DefBtQo2PgcmBtnTg']|0|0.36|0.31|10|1|0.7|0.0|0.21|1999-07-20|https://open.spotify.com/embed/track/4iGKOFTplr4vOjDAbGUKLU
2z9z18lidxD3euusC3UaLx|Hollywood|New Life Faded|1xNWaXNMS8798hlEBxdVjL|['3jfxxO6JNrzzhov82l1wX2']|0|0.4|0.14|6|1|0.66|0.0|0.23|2011-02-08|https://open.spotify.com/embed/track/2z9z18lidxD3euusC3UaLx
2nVW5BVneWEVqhfOzyNxwo|Tired of Waiting|New Life Faded|1xNWaXNMS8798hlEBxdVjL|['3jfxxO6JNrzzhov82l1wX2']|0|0.38|0.83|8|1|0.0|0.0|0.34|2011-02-08|https://open.spotify.com/embed/track/2nVW5BVneWEVqhfOzyNxwo
2ZkLJzOAIa8mTRbNqMchGz|America|New Life Faded|1xNWaXNMS8798hlEBxdVjL|['3jfxxO6JNrzzhov82l1wX2']|0|0.48|0.75|2|0|0.0|0.03|0.36|2011-02-08|https://open.spotify.com/embed/track/2ZkLJzOAIa8mTRbNqMchGz
6zLpXc5KrSN53HTviwOfgL|Desperate|New Life Faded|1xNWaXNMS8798hlEBxdVjL|['3jfxxO6JNrzzhov82l1wX2']|0|0.33|0.66|6|1|0.0|0.02|0.19|2011-02-08|https://open.spotify.com/embed/track/6zLpXc5KrSN53HTviwOfgL
0C5pv62j5dcazPrml3oGnE|All I See|New Life Faded|1xNWaXNMS8798hlEBxdVjL|['3jfxxO6JNrzzhov82l1wX2']|0|0.38|0.9|8|1|0.0|0.0|0.41|2011-02-08|https://open.spotify.com/embed/track/0C5pv62j5dcazPrml3oGnE
4FKggErzionSD7MdrEJPf2|Give|New Life Faded|1xNWaXNMS8798hlEBxdVjL|['3jfxxO6JNrzzhov82l1wX2']|0|0.32|0.92|8|1|0.0|0.31|0.79|2011-02-08|https://open.spotify.com/embed/track/4FKggErzionSD7MdrEJPf2
7tPDxnbL6pqGd8wesq9HLl|Pain|New Life Faded|1xNWaXNMS8798hlEBxdVjL|['3jfxxO6JNrzzhov82l1wX2']|0|0.51|0.6|8|1|0.0|0.0|0.44|2011-02-08|https://open.spotify.com/embed/track/7tPDxnbL6pqGd8wesq9HLl
4NAm3aWUkQlQcAll13HVEt|Check|Waste Of Mind|7bYhJeHWcA2fQcrdLEI5gJ|['6SiyKSeJo6gcsS2NvuAbsl']|0|0.55|0.95|0|1|0.0|0.0|0.78|1998-10-01|https://open.spotify.com/embed/track/4NAm3aWUkQlQcAll13HVEt
4VJE2QEGdEYa1I6sqbqC0r|Get Back|Waste Of Mind|7bYhJeHWcA2fQcrdLEI5gJ|['6SiyKSeJo6gcsS2NvuAbsl']|0|0.63|0.91|9|1|0.0|0.0|0.81|1998-10-01|https://open.spotify.com/embed/track/4VJE2QEGdEYa1I6sqbqC0r
1ThKFoMgBmSy6IzZCx7RkM|The Real Me|Waste Of Mind|7bYhJeHWcA2fQcrdLEI5gJ|['6SiyKSeJo6gcsS2NvuAbsl']|0|0.61|0.89|7|1|0.0|0.0|0.7|1998-10-01|https://open.spotify.com/embed/track/1ThKFoMgBmSy6IzZCx7RkM
0Sfxy4ROJxdTK92CIQqcDJ|Someday|Waste Of Mind|7bYhJeHWcA2fQcrdLEI5gJ|['6SiyKSeJo6gcsS2NvuAbsl']|0|0.57|0.97|9|1|0.0|0.0|0.64|1998-10-01|https://open.spotify.com/embed/track/0Sfxy4ROJxdTK92CIQqcDJ
399Y2XppdMAIHU0eWjw0u3|Waste of Mind|Waste Of Mind|7bYhJeHWcA2fQcrdLEI5gJ|['6SiyKSeJo6gcsS2NvuAbsl']|0|0.6|0.91|9|1|0.0|0.0|0.85|1998-10-01|https://open.spotify.com/embed/track/399Y2XppdMAIHU0eWjw0u3
2GtvF6M8PbpuWRvfdq5BK3|Feel This Way|Waste Of Mind|7bYhJeHWcA2fQcrdLEI5gJ|['6SiyKSeJo6gcsS2NvuAbsl']|0|0.56|0.95|9|1|0.0|0.0|0.7|1998-10-01|https://open.spotify.com/embed/track/2GtvF6M8PbpuWRvfdq5BK3
32DdumVsgJrE6JWjZQPZQ0|Walk Away|Waste Of Mind|7bYhJeHWcA2fQcrdLEI5gJ|['6SiyKSeJo6gcsS2NvuAbsl']|0|0.57|0.95|9|1|0.0|0.0|0.86|1998-10-01|https://open.spotify.com/embed/track/32DdumVsgJrE6JWjZQPZQ0
5XtlUa7sa0GqmrBMcqpNG3|Big Shot|Waste Of Mind|7bYhJeHWcA2fQcrdLEI5gJ|['6SiyKSeJo6gcsS2NvuAbsl']|0|0.56|0.96|7|1|0.0|0.0|0.47|1998-10-01|https://open.spotify.com/embed/track/5XtlUa7sa0GqmrBMcqpNG3
4piMTKQtY9yMu11VowfZ1E|Swing|Waste Of Mind|7bYhJeHWcA2fQcrdLEI5gJ|['6SiyKSeJo6gcsS2NvuAbsl']|0|0.66|0.92|11|0|0.0|0.0|0.71|1998-10-01|https://open.spotify.com/embed/track/4piMTKQtY9yMu11VowfZ1E
2GqczyjNgDuRm1ckhrhQCR|Jag Off|Waste Of Mind|7bYhJeHWcA2fQcrdLEI5gJ|['6SiyKSeJo6gcsS2NvuAbsl']|0|0.65|0.9|6|0|0.01|0.0|0.85|1998-10-01|https://open.spotify.com/embed/track/2GqczyjNgDuRm1ckhrhQCR
5vwjJx6VnVj8Y43bQSb26k|Time|Waste Of Mind|7bYhJeHWcA2fQcrdLEI5gJ|['6SiyKSeJo6gcsS2NvuAbsl']|0|0.43|0.97|11|1|0.0|0.69|0.33|1998-10-01|https://open.spotify.com/embed/track/5vwjJx6VnVj8Y43bQSb26k
4smDo9NdHNLe8CFzX9KptZ|Move On|Waste Of Mind|7bYhJeHWcA2fQcrdLEI5gJ|['6SiyKSeJo6gcsS2NvuAbsl']|0|0.57|0.9|7|1|0.0|0.0|0.96|1998-10-01|https://open.spotify.com/embed/track/4smDo9NdHNLe8CFzX9KptZ
6GoC5TMgK4S08xHutcl9SS|Fly Daze|Waste Of Mind|7bYhJeHWcA2fQcrdLEI5gJ|['6SiyKSeJo6gcsS2NvuAbsl']|0|0.66|0.62|2|1|0.0|0.0|0.93|1998-10-01|https://open.spotify.com/embed/track/6GoC5TMgK4S08xHutcl9SS
5zy5GyMMR1ki2yJdQcA2zK|Bootylicious Vinyl|Waste Of Mind|7bYhJeHWcA2fQcrdLEI5gJ|['6SiyKSeJo6gcsS2NvuAbsl']|0|0.75|0.9|11|0|0.01|0.01|0.96|1998-10-01|https://open.spotify.com/embed/track/5zy5GyMMR1ki2yJdQcA2zK
6x7c49NEWt9cM9nHiSntQd|Swing (Radio Edit)|Swing Set|16707paUqnfatdD8OwN3Dc|['0AiTwNtYX8m4uhfU7rJ8RD']|0|0.83|0.6|10|0|0.45|0.0|0.63|2000-07-11|https://open.spotify.com/embed/track/6x7c49NEWt9cM9nHiSntQd
0YSYfKMk0JBl7mmWzSsfPe|Swing (Album Version)|Swing Set|16707paUqnfatdD8OwN3Dc|['0AiTwNtYX8m4uhfU7rJ8RD']|0|0.84|0.69|10|0|0.47|0.0|0.54|2000-07-11|https://open.spotify.com/embed/track/0YSYfKMk0JBl7mmWzSsfPe
382zGDGUbJK1SMzXK3xucw|To The Teeth (Shootout Remix)|Swing Set|16707paUqnfatdD8OwN3Dc|['0AiTwNtYX8m4uhfU7rJ8RD']|0|0.72|0.39|11|0|0.18|0.17|0.36|2000-07-11|https://open.spotify.com/embed/track/382zGDGUbJK1SMzXK3xucw
4H3tjdqHW2CG17lsytVVqa|Do Re Me (Live)|Swing Set|16707paUqnfatdD8OwN3Dc|['0AiTwNtYX8m4uhfU7rJ8RD']|0|0.48|0.4|0|1|0.72|0.0|0.57|2000-07-11|https://open.spotify.com/embed/track/4H3tjdqHW2CG17lsytVVqa
1oIwjU5cRePn7WgKRBe3Bm|When I'm Gone|Swing Set|16707paUqnfatdD8OwN3Dc|['0AiTwNtYX8m4uhfU7rJ8RD']|0|0.46|0.18|8|1|0.93|0.0|0.23|2000-07-11|https://open.spotify.com/embed/track/1oIwjU5cRePn7WgKRBe3Bm
0NS9gap3TNaTQp1wQEnTYt|Hurricane|Swing Set|16707paUqnfatdD8OwN3Dc|['0AiTwNtYX8m4uhfU7rJ8RD']|0|0.69|0.46|4|0|0.08|0.0|0.71|2000-07-11|https://open.spotify.com/embed/track/0NS9gap3TNaTQp1wQEnTYt
4ZhtIgZ3rIXQnjdDns3I7v|To the Teeth|To The Teeth|2gH0pLuQAJm9eWxIM87lSy|['0AiTwNtYX8m4uhfU7rJ8RD']|0|0.49|0.23|2|1|0.68|0.0|0.21|1999-11-16|https://open.spotify.com/embed/track/4ZhtIgZ3rIXQnjdDns3I7v
6oRa9jJCB2ujPpRYmM7nZJ|Soft Shoulder|To The Teeth|2gH0pLuQAJm9eWxIM87lSy|['0AiTwNtYX8m4uhfU7rJ8RD']|0|0.46|0.29|9|0|0.53|0.0|0.28|1999-11-16|https://open.spotify.com/embed/track/6oRa9jJCB2ujPpRYmM7nZJ
4ct2vSH6pJWu15UZE3gVo1|Wish I May|To The Teeth|2gH0pLuQAJm9eWxIM87lSy|['0AiTwNtYX8m4uhfU7rJ8RD']|0|0.8|0.47|11|0|0.42|0.0|0.59|1999-11-16|https://open.spotify.com/embed/track/4ct2vSH6pJWu15UZE3gVo1
2zdpQgRnT5YQdsN2FNIDpA|Freakshow|To The Teeth|2gH0pLuQAJm9eWxIM87lSy|['0AiTwNtYX8m4uhfU7rJ8RD']|0|0.69|0.53|9|1|0.63|0.0|0.28|1999-11-16|https://open.spotify.com/embed/track/2zdpQgRnT5YQdsN2FNIDpA
1R5EBIwBir84uQDCZR4iEW|Going Once|To The Teeth|2gH0pLuQAJm9eWxIM87lSy|['0AiTwNtYX8m4uhfU7rJ8RD']|0|0.47|0.44|0|0|0.7|0.0|0.28|1999-11-16|https://open.spotify.com/embed/track/1R5EBIwBir84uQDCZR4iEW
7ibezdTCBAdBFh7OhP8DWG|Hello Birmingham|To The Teeth|2gH0pLuQAJm9eWxIM87lSy|['0AiTwNtYX8m4uhfU7rJ8RD']|0|0.36|0.2|7|0|0.75|0.0|0.18|1999-11-16|https://open.spotify.com/embed/track/7ibezdTCBAdBFh7OhP8DWG
2RgabyEQjMab6pvqtW7IAg|Back Back Back|To The Teeth|2gH0pLuQAJm9eWxIM87lSy|['0AiTwNtYX8m4uhfU7rJ8RD']|0|0.45|0.49|0|1|0.31|0.0|0.64|1999-11-16|https://open.spotify.com/embed/track/2RgabyEQjMab6pvqtW7IAg
4FcpCdqGjleaRZBFvVcHmq|Swing|To The Teeth|2gH0pLuQAJm9eWxIM87lSy|['0AiTwNtYX8m4uhfU7rJ8RD']|0|0.85|0.68|5|0|0.49|0.0|0.56|1999-11-16|https://open.spotify.com/embed/track/4FcpCdqGjleaRZBFvVcHmq
7Jr3q2rMh7U1OdDPqICSPt|Carry You Around|To The Teeth|2gH0pLuQAJm9eWxIM87lSy|['0AiTwNtYX8m4uhfU7rJ8RD']|0|0.86|0.47|8|0|0.72|0.0|0.8|1999-11-16|https://open.spotify.com/embed/track/7Jr3q2rMh7U1OdDPqICSPt
5fSU4DYw2UNcMZ5QD5EUm0|Cloud Blood|To The Teeth|2gH0pLuQAJm9eWxIM87lSy|['0AiTwNtYX8m4uhfU7rJ8RD']|0|0.68|0.41|5|0|0.14|0.11|0.63|1999-11-16|https://open.spotify.com/embed/track/5fSU4DYw2UNcMZ5QD5EUm0
4RIyExqhnXEe3dHUNMGbwT|The Arrivals Gate|To The Teeth|2gH0pLuQAJm9eWxIM87lSy|['0AiTwNtYX8m4uhfU7rJ8RD']|0|0.65|0.73|2|1|0.04|0.0|0.11|1999-11-16|https://open.spotify.com/embed/track/4RIyExqhnXEe3dHUNMGbwT
2zgs5SqMLeO1YyEzExdCwj|Providence|To The Teeth|2gH0pLuQAJm9eWxIM87lSy|['0AiTwNtYX8m4uhfU7rJ8RD']|0|0.43|0.28|4|0|0.43|0.0|0.23|1999-11-16|https://open.spotify.com/embed/track/2zgs5SqMLeO1YyEzExdCwj
1obpFSahiSPVf1M0mhnpgd|I Know This Bar|To The Teeth|2gH0pLuQAJm9eWxIM87lSy|['0AiTwNtYX8m4uhfU7rJ8RD']|0|0.69|0.16|4|1|0.45|0.0|0.31|1999-11-16|https://open.spotify.com/embed/track/1obpFSahiSPVf1M0mhnpgd
2E8AVQcuYSlXm12g112Kef|Untouchable Face|Dilate|4KE4xztIchTBItYOnCT3FU|['0AiTwNtYX8m4uhfU7rJ8RD']|0|0.68|0.34|7|1|0.67|0.0|0.39|1996-05-01|https://open.spotify.com/embed/track/2E8AVQcuYSlXm12g112Kef
3BCH4J8voafSumkpH0WWTs|Outta Me, Onto You|Dilate|4KE4xztIchTBItYOnCT3FU|['0AiTwNtYX8m4uhfU7rJ8RD']|0|0.49|0.75|7|1|0.12|0.0|0.64|1996-05-01|https://open.spotify.com/embed/track/3BCH4J8voafSumkpH0WWTs
2cMW6KjnjFrYcYdIsk0ER5|Superhero|Dilate|4KE4xztIchTBItYOnCT3FU|['0AiTwNtYX8m4uhfU7rJ8RD']|0|0.55|0.56|0|1|0.08|0.0|0.27|1996-05-01|https://open.spotify.com/embed/track/2cMW6KjnjFrYcYdIsk0ER5
5ptYOK56DFsTJ7Nazk4BRv|Dilate|Dilate|4KE4xztIchTBItYOnCT3FU|['0AiTwNtYX8m4uhfU7rJ8RD']|0|0.31|0.42|2|1|0.04|0.0|0.07|1996-05-01|https://open.spotify.com/embed/track/5ptYOK56DFsTJ7Nazk4BRv
21YSagcmCqR28GV8NxBMHc|Amazing Grace|Dilate|4KE4xztIchTBItYOnCT3FU|['0AiTwNtYX8m4uhfU7rJ8RD']|0|0.74|0.45|2|1|0.17|0.0|0.57|1996-05-01|https://open.spotify.com/embed/track/21YSagcmCqR28GV8NxBMHc
7JFuQSjHY65h90ZdRn02Eu|Napoleon|Dilate|4KE4xztIchTBItYOnCT3FU|['0AiTwNtYX8m4uhfU7rJ8RD']|0|0.52|0.37|0|1|0.11|0.0|0.48|1996-05-01|https://open.spotify.com/embed/track/7JFuQSjHY65h90ZdRn02Eu
2wxgkTPRT6jBuLVAxo8903|Shameless|Dilate|4KE4xztIchTBItYOnCT3FU|['0AiTwNtYX8m4uhfU7rJ8RD']|0|0.81|0.59|2|1|0.01|0.06|0.39|1996-05-01|https://open.spotify.com/embed/track/2wxgkTPRT6jBuLVAxo8903
23vXAB3EAjSLlLKCGONTUq|Done Wrong|Dilate|4KE4xztIchTBItYOnCT3FU|['0AiTwNtYX8m4uhfU7rJ8RD']|0|0.56|0.34|7|1|0.07|0.01|0.08|1996-05-01|https://open.spotify.com/embed/track/23vXAB3EAjSLlLKCGONTUq
4AJm5bohZFUQm00542PSFH|Going Down|Dilate|4KE4xztIchTBItYOnCT3FU|['0AiTwNtYX8m4uhfU7rJ8RD']|0|0.79|0.47|10|0|0.03|0.08|0.75|1996-05-01|https://open.spotify.com/embed/track/4AJm5bohZFUQm00542PSFH
5VsnTF82gYUCL45RAIiZ2b|Adam and Eve|Dilate|4KE4xztIchTBItYOnCT3FU|['0AiTwNtYX8m4uhfU7rJ8RD']|0|0.43|0.08|2|0|0.47|0.0|0.08|1996-05-01|https://open.spotify.com/embed/track/5VsnTF82gYUCL45RAIiZ2b
3874Ac5TPH544Zdh06na1X|Joyful Girl|Dilate|4KE4xztIchTBItYOnCT3FU|['0AiTwNtYX8m4uhfU7rJ8RD']|0|0.55|0.22|7|0|0.28|0.0|0.2|1996-05-01|https://open.spotify.com/embed/track/3874Ac5TPH544Zdh06na1X
5H6jOrB9Mg8CCmPStEA4TA|Joyful Girl (Danger and Uncertainty Mix)|More Joy Less Shame|4ysiLjQwyLg4rw3aIv0flv|['0AiTwNtYX8m4uhfU7rJ8RD']|0|0.73|0.29|5|0|0.04|0.0|0.22|1996-11-01|https://open.spotify.com/embed/track/5H6jOrB9Mg8CCmPStEA4TA
60qzjJREFQP6YT0HqalpCn|Joyful Girl (Peace and Love Mix)|More Joy Less Shame|4ysiLjQwyLg4rw3aIv0flv|['0AiTwNtYX8m4uhfU7rJ8RD']|0|0.76|0.28|8|1|0.19|0.0|0.22|1996-11-01|https://open.spotify.com/embed/track/60qzjJREFQP6YT0HqalpCn
3NEICccMhCmuFncyaPxyjt|Joyful Girl (Peace and Love Extended Mix)|More Joy Less Shame|4ysiLjQwyLg4rw3aIv0flv|['0AiTwNtYX8m4uhfU7rJ8RD']|0|0.74|0.28|8|1|0.18|0.0|0.24|1996-11-01|https://open.spotify.com/embed/track/3NEICccMhCmuFncyaPxyjt
4d8af7oBQoHX4h4t3ULhhN|Joyful Girl (Live with the Buffalo Philharmonic Orchestra)|More Joy Less Shame|4ysiLjQwyLg4rw3aIv0flv|['0AiTwNtYX8m4uhfU7rJ8RD']|0|0.48|0.2|10|1|0.9|0.08|0.26|1996-11-01|https://open.spotify.com/embed/track/4d8af7oBQoHX4h4t3ULhhN
5LWdZjEUpTw5PtfGIRB1jg|Shameless (Bathtub Mix)|More Joy Less Shame|4ysiLjQwyLg4rw3aIv0flv|['0AiTwNtYX8m4uhfU7rJ8RD']|0|0.85|0.53|4|0|0.01|0.13|0.54|1996-11-01|https://open.spotify.com/embed/track/5LWdZjEUpTw5PtfGIRB1jg
5BjLqckaqa6trwuWbYFgl3|Both Hands (Live in Austin, Texas)|More Joy Less Shame|4ysiLjQwyLg4rw3aIv0flv|['0AiTwNtYX8m4uhfU7rJ8RD']|0|0.4|0.36|7|1|0.59|0.0|0.35|1996-11-01|https://open.spotify.com/embed/track/5BjLqckaqa6trwuWbYFgl3
09lkq3oIEGwLl0BtgGtRcv|Buildings and Bridges|Out Of Range|53uQL3mss1tsv4NAIs4gwc|['0AiTwNtYX8m4uhfU7rJ8RD']|0|0.66|0.46|10|1|0.69|0.0|0.65|1994-03-01|https://open.spotify.com/embed/track/09lkq3oIEGwLl0BtgGtRcv
3Uo0OJbxUbHrMBnxS6e4Yp|Out of Range (Acoustic)|Out Of Range|53uQL3mss1tsv4NAIs4gwc|['0AiTwNtYX8m4uhfU7rJ8RD']|0|0.55|0.43|2|0|0.63|0.0|0.91|1994-03-01|https://open.spotify.com/embed/track/3Uo0OJbxUbHrMBnxS6e4Yp
7qCU1BGUeMw09K9DdxXZOV|Letter to a John|Out Of Range|53uQL3mss1tsv4NAIs4gwc|['0AiTwNtYX8m4uhfU7rJ8RD']|0|0.52|0.42|9|1|0.4|0.0|0.46|1994-03-01|https://open.spotify.com/embed/track/7qCU1BGUeMw09K9DdxXZOV
77cbZsYtKRkCQXQG2w3iJO|Hell Yeah|Out Of Range|53uQL3mss1tsv4NAIs4gwc|['0AiTwNtYX8m4uhfU7rJ8RD']|0|0.5|0.24|0|0|0.83|0.0|0.49|1994-03-01|https://open.spotify.com/embed/track/77cbZsYtKRkCQXQG2w3iJO
0OXs0Hu2PEJoXRUVbQNPqO|How Have You Been|Out Of Range|53uQL3mss1tsv4NAIs4gwc|['0AiTwNtYX8m4uhfU7rJ8RD']|0|0.67|0.72|5|1|0.06|0.08|0.81|1994-03-01|https://open.spotify.com/embed/track/0OXs0Hu2PEJoXRUVbQNPqO
1WhZuGEyMHkYGAa04UqsD6|Overlap|Out Of Range|53uQL3mss1tsv4NAIs4gwc|['0AiTwNtYX8m4uhfU7rJ8RD']|0|0.45|0.11|11|0|0.92|0.0|0.26|1994-03-01|https://open.spotify.com/embed/track/1WhZuGEyMHkYGAa04UqsD6
2mnzarq1aTX6PiAdeq5wSu|Face Up and Sing|Out Of Range|53uQL3mss1tsv4NAIs4gwc|['0AiTwNtYX8m4uhfU7rJ8RD']|0|0.62|0.61|9|0|0.23|0.0|0.73|1994-03-01|https://open.spotify.com/embed/track/2mnzarq1aTX6PiAdeq5wSu
1JJwoo4VcRBfsCPox8oyZy|Falling Is Like This|Out Of Range|53uQL3mss1tsv4NAIs4gwc|['0AiTwNtYX8m4uhfU7rJ8RD']|0|0.43|0.2|7|1|0.87|0.0|0.27|1994-03-01|https://open.spotify.com/embed/track/1JJwoo4VcRBfsCPox8oyZy
16oXjlIsDDwk78A06ABEi7|Out of Range (Electric)|Out Of Range|53uQL3mss1tsv4NAIs4gwc|['0AiTwNtYX8m4uhfU7rJ8RD']|0|0.62|0.79|0|1|0.01|0.0|0.86|1994-03-01|https://open.spotify.com/embed/track/16oXjlIsDDwk78A06ABEi7
5ezdmutheOfhOIdoEeK5vM|You Had Time|Out Of Range|53uQL3mss1tsv4NAIs4gwc|['0AiTwNtYX8m4uhfU7rJ8RD']|0|0.51|0.07|6|1|0.98|0.01|0.22|1994-03-01|https://open.spotify.com/embed/track/5ezdmutheOfhOIdoEeK5vM
6oZXpdyx50Mmw9f6aRjdfc|If He Tries Anything|Out Of Range|53uQL3mss1tsv4NAIs4gwc|['0AiTwNtYX8m4uhfU7rJ8RD']|0|0.76|0.23|5|1|0.51|0.0|0.6|1994-03-01|https://open.spotify.com/embed/track/6oZXpdyx50Mmw9f6aRjdfc
7CAXrvSR4K7xaWyAyPmECh|The Diner|Out Of Range|53uQL3mss1tsv4NAIs4gwc|['0AiTwNtYX8m4uhfU7rJ8RD']|0|0.6|0.66|4|0|0.23|0.01|0.59|1994-03-01|https://open.spotify.com/embed/track/7CAXrvSR4K7xaWyAyPmECh
3gDe0R03dmJd4HqFihb0D4|What If No One's Watching|Imperfectly|6yIQT5AvjFQ0kRo3RxBN6n|['0AiTwNtYX8m4uhfU7rJ8RD']|0|0.62|0.68|5|0|0.46|0.0|0.76|1992-06-19|https://open.spotify.com/embed/track/3gDe0R03dmJd4HqFihb0D4
6eP6oFMyVwx6HZuCtpWyPz|Fixing Her Hair|Imperfectly|6yIQT5AvjFQ0kRo3RxBN6n|['0AiTwNtYX8m4uhfU7rJ8RD']|0|0.52|0.17|7|1|0.93|0.0|0.14|1992-06-19|https://open.spotify.com/embed/track/6eP6oFMyVwx6HZuCtpWyPz
6aZ30pFvwiEelirZjzFrec|In or Out|Imperfectly|6yIQT5AvjFQ0kRo3RxBN6n|['0AiTwNtYX8m4uhfU7rJ8RD']|0|0.62|0.63|7|1|0.48|0.0|0.65|1992-06-19|https://open.spotify.com/embed/track/6aZ30pFvwiEelirZjzFrec
2HJFvUWKTSB8JUCLTdpFrR|Every State Line|Imperfectly|6yIQT5AvjFQ0kRo3RxBN6n|['0AiTwNtYX8m4uhfU7rJ8RD']|0|0.65|0.18|1|1|0.86|0.0|0.28|1992-06-19|https://open.spotify.com/embed/track/2HJFvUWKTSB8JUCLTdpFrR
62BlvqAG6gOnmBHTRSrBZY|Circle of Light|Imperfectly|6yIQT5AvjFQ0kRo3RxBN6n|['0AiTwNtYX8m4uhfU7rJ8RD']|0|0.59|0.58|11|0|0.61|0.0|0.73|1992-06-19|https://open.spotify.com/embed/track/62BlvqAG6gOnmBHTRSrBZY
2nBB42lNmkh8qlzEUOmEwI|If It Isn't Her|Imperfectly|6yIQT5AvjFQ0kRo3RxBN6n|['0AiTwNtYX8m4uhfU7rJ8RD']|0|0.7|0.48|0|0|0.8|0.0|0.7|1992-06-19|https://open.spotify.com/embed/track/2nBB42lNmkh8qlzEUOmEwI
5AXJD3LGFdq4EywO72SgaD|Good, Bad, Ugly|Imperfectly|6yIQT5AvjFQ0kRo3RxBN6n|['0AiTwNtYX8m4uhfU7rJ8RD']|0|0.66|0.37|8|1|0.83|0.0|0.54|1992-06-19|https://open.spotify.com/embed/track/5AXJD3LGFdq4EywO72SgaD
